"~id","~labels","back","front","card_id","deck_name","tags"
"4:120dd84f-548e-4f2c-98da-0e67ed6fd213:0","anki_cards.csv","&nbsp;Neurochemistry maps consciousness - the two are inseparable; our neurochemistry IS our consciousness<div><br></div>","&nbsp;Astonishing hypothesis","&nbsp;Astonishing hypothesis","Anthro (Psych/Soc/Econ/Health)","behavior"
"4:120dd84f-548e-4f2c-98da-0e67ed6fd213:1","anki_cards.csv","&nbsp; &nbsp; &nbsp; &nbsp;◦ Kin selection<div>&nbsp; &nbsp; &nbsp; &nbsp;◦ Direct reciprocity</div><div>&nbsp; &nbsp; &nbsp; &nbsp;◦ Indirect reciprocity</div><div>&nbsp; &nbsp; &nbsp; &nbsp;◦ Belief in a higher power</div><div>&nbsp; &nbsp; &nbsp; • Folks living under a punitive religious higher power have been demonstrated to be more likely to give to the poor and help others</div>","Reasons for helping others","Reasons for helping others","Anthro (Psych/Soc/Econ/Health)","perception"
"4:120dd84f-548e-4f2c-98da-0e67ed6fd213:2","anki_cards.csv","invented in 1860 by Fechner, First science to describe the phenomenology of perception<div>&nbsp; &nbsp; &nbsp; &nbsp;◦ Goal of a PP experiment is to measure relationships between physical and perceived attributes of a stimulus</div><div>&nbsp; &nbsp; &nbsp; &nbsp;◦ E.g. Whistle stimulus has the physical attribute frequency and the perception/perceived attribute pitch. Physical amplitude, perceived loudness</div><div>&nbsp; &nbsp; &nbsp; &nbsp;◦ E.g. Perceptual brightness has physical attribute light intensity</div><div>&nbsp; &nbsp; &nbsp; &nbsp;◦ Measurement: light intensity = energy amount/surface area =lumen/square meter =lux</div>","&nbsp; &nbsp; &nbsp; &nbsp;◦ Psychophysics","&nbsp; &nbsp; &nbsp; &nbsp;◦ Psychophysics","Anthro (Psych/Soc/Econ/Health)","perception"
"4:120dd84f-548e-4f2c-98da-0e67ed6fd213:3","anki_cards.csv","&nbsp; &nbsp; &nbsp;P= cS(^n)&nbsp;<div><br></div><div>&nbsp;• - perceived intensity is exponentially related to physical intensity<div>&nbsp; &nbsp; &nbsp; &nbsp;◦ P=perceived intensity</div><div>&nbsp; &nbsp; &nbsp; &nbsp;◦ S: stimulus intensity</div><div>&nbsp; &nbsp; &nbsp; &nbsp;◦ C: constant</div><div>&nbsp; &nbsp; &nbsp; &nbsp;◦ n: Stevens’ exponent</div></div>","&nbsp; &nbsp; &nbsp; • Stevens’ power law","&nbsp; &nbsp; &nbsp; • Stevens’ power law","Anthro (Psych/Soc/Econ/Health)","perception"
"4:120dd84f-548e-4f2c-98da-0e67ed6fd213:4","anki_cards.csv","the minimal stimulus that a subject detect<div>&nbsp; &nbsp; &nbsp; &nbsp;◦ Place at which the participant detects more than 50% of the time</div><div><br></div><div>d’</div><div>Describes how many standard deviations apart are the signal present and signal absent distributions; i.e. quantifies the intensity &amp; discriminability of a stimulus<div>-discriminability &amp; stimulus intensity have a linear relationship</div></div>","Signal detection theory","Signal detection theory","Anthro (Psych/Soc/Econ/Health)","perception"
"4:120dd84f-548e-4f2c-98da-0e67ed6fd213:5","anki_cards.csv","&nbsp; &nbsp; &nbsp; &nbsp;◦ Replicability issues occur across medical fields, not just in psychology<div>&nbsp; &nbsp; &nbsp; &nbsp;◦ Null results matter tons</div><div>&nbsp; &nbsp; &nbsp; &nbsp;◦ Studies with the strongest initial findings tend to have the most Replicability</div>","Replicability","Replicability","Anthro (Psych/Soc/Econ/Health)","behavior"
"4:120dd84f-548e-4f2c-98da-0e67ed6fd213:6","anki_cards.csv","Equal amount of trials with and without stimulus<div>-each trial, participant reports detection</div><div>2-alternative-forced-voice-design</div>","Signal detection experiment design","Signal detection experiment design","Anthro (Psych/Soc/Econ/Health)","perception"
"4:120dd84f-548e-4f2c-98da-0e67ed6fd213:7","anki_cards.csv","Hit rate: rate of true positives<div>Miss rate: rate of false negatives</div><div>False alarm Rate: rate of false positives</div><div>Correct rejection rate: rate of true negatives</div>","Matrix of outcomes","Matrix of outcomes","Anthro (Psych/Soc/Econ/Health)","behavior;perception"
"4:120dd84f-548e-4f2c-98da-0e67ed6fd213:8","anki_cards.csv","&nbsp; &nbsp; &nbsp; • Lesions<div>&nbsp; &nbsp; &nbsp; • Single-cell electrophysiology measures action potentials on neurons as animals are subjected to different experiences</div><div>&nbsp; &nbsp; &nbsp; &nbsp;◦ David Hubel &amp; Torsten Weisel received Nobel prize for using this technique with cats</div><div>&nbsp; &nbsp; &nbsp; • Electrical stimulation</div>","Invasive research techniques","Invasive research techniques","Anthro (Psych/Soc/Econ/Health)","behavior"
"4:120dd84f-548e-4f2c-98da-0e67ed6fd213:9","anki_cards.csv","&nbsp; &nbsp; &nbsp; • Electroencephalography - no spatial resolution<div>&nbsp; &nbsp; &nbsp; • MRI has better spatial resolution</div><div>&nbsp; &nbsp; &nbsp; • FMRI compares brain activity across several environmental conditions</div><div>&nbsp; &nbsp; &nbsp; • Axial, coronal, sagittal&nbsp;</div>","&nbsp; &nbsp; &nbsp;‣ Non invasive data collection techniques","&nbsp; &nbsp; &nbsp;‣ Non invasive data collection techniques","Anthro (Psych/Soc/Econ/Health)","behavior"
"4:120dd84f-548e-4f2c-98da-0e67ed6fd213:10","anki_cards.csv","1954-2017; neuroscientist and trans man; “The Godfather of glia”","Ben Barres","Ben Barres","Anthro (Psych/Soc/Econ/Health)","behavior"
"4:120dd84f-548e-4f2c-98da-0e67ed6fd213:11","anki_cards.csv","Transmit &amp; receive; respond &amp; secrete<div>Many types of neurons: Purkinje (cerebellum); somatosensory (skin)</div>","Neurons ___&amp;___ data(v,v); glia ___&amp;___ neurotransmitters","Neurons ___&amp;___ data(v,v); glia ___&amp;___ neurotransmitters","Anthro (Psych/Soc/Econ/Health)","neurobiology"
"4:120dd84f-548e-4f2c-98da-0e67ed6fd213:12","anki_cards.csv","Variation<div>heredity</div><div>Competition</div>","Darwin’s three key observations","Darwin’s three key observations","Anthro (Psych/Soc/Econ/Health)","behavior"
"4:120dd84f-548e-4f2c-98da-0e67ed6fd213:13","anki_cards.csv","'Demand characteristics: Responding in a&nbsp;<span style=''color: var(--field-fg); font-family: -apple-system-body; background: var(--field-bg);''>socially desirable way.&nbsp;</span><div>Retrospective bias: Misremembering the past <span style=''color: var(--field-fg); font-family: -apple-system-body; background: var(--field-bg);''>when answering questions about it.</span></div>'","Problems with self-reported data","Problems with self-reported data","Anthro (Psych/Soc/Econ/Health)","behavior"
"4:120dd84f-548e-4f2c-98da-0e67ed6fd213:14","anki_cards.csv","'A measure of the <span style=''color: var(--field-fg); font-family: -apple-system-body; background: var(--field-bg);''>strength and direction of the linear relationship </span><span style=''color: var(--field-fg); font-family: -apple-system-body; background: var(--field-bg);''>between two variables.&nbsp;</span><div><font face=''-apple-system-body''>Rangers negative 1 to 1, values closer to zero mean weaker correlation</font></div>'","Correlation coefficient (r)","Correlation coefficient (r)","Anthro (Psych/Soc/Econ/Health)","perception"
"4:120dd84f-548e-4f2c-98da-0e67ed6fd213:15","anki_cards.csv","“It is a habit of mind that a constantly conjoined pair of events is seen as related “","David Hume’s Principle of Association","David Hume’s Principle of Association","Anthro (Psych/Soc/Econ/Health)","behavior"
"4:120dd84f-548e-4f2c-98da-0e67ed6fd213:16","anki_cards.csv","Western, Educated, Industrialized, Rich, and Democratic","WEIRD participants crowd sample","WEIRD participants crowd sample","Anthro (Psych/Soc/Econ/Health)","behavior"
"4:120dd84f-548e-4f2c-98da-0e67ed6fd213:17","anki_cards.csv","'-proximate: point to immediate causes of the behavior within the individual’s lifetime; how do psychological, physiological, and sociocultural mechanisms enable the behavior?<div>-ultimate: point to long-term causes of the behavior; how did the behavior originate in a species and how has it evolved?</div><div><br></div><div>Proximate causes are&nbsp;<i>most</i>&nbsp;immediately responsible for the specified result<br>Ultimate causes are&nbsp;<i>most</i>&nbsp;directly responsible for the result, i.e. the ''real'' reason<br>-Ultimate causes can be proximate causes in relation to more ultimate causes<br><br><a href=''https://en.wikipedia.org/wiki/Proximate_and_ultimate_causation''>https://en.wikipedia.org/wiki/Proximate_and_ultimate_causation</a><br></div>'","Proximate vs. ultimate cause/explanation","Proximate vs. ultimate cause/explanation","Anthro (Psych/Soc/Econ/Health)","behavior"
"4:120dd84f-548e-4f2c-98da-0e67ed6fd213:18","anki_cards.csv","Binocular disparity<div>Interposition</div><div>Proximal (close to the brain) can be a clue to the size of the distal stimulus</div><div>Ponzo illusion - our brain assumes a size constancy &nbsp;to objects they move through space; this perspective can fail us</div>","Perceiving depth, size, and difference","Perceiving depth, size, and difference","Anthro (Psych/Soc/Econ/Health)","perception"
"4:120dd84f-548e-4f2c-98da-0e67ed6fd213:19","anki_cards.csv","Pioneered by Pavlov (trained as physiologist)<br>Consciousness can be conditioned to respond more strongly to certain stimulus<div>-often non-conscious</div><div>-helps us prepare for future events</div>","Classical conditioning","Classical conditioning","Anthro (Psych/Soc/Econ/Health)","behavior"
"4:120dd84f-548e-4f2c-98da-0e67ed6fd213:20","anki_cards.csv","“There is no such thing as inheritance of capacity, talent… and behavioral characteristics.”","Watson’s wager","Watson’s wager","Anthro (Psych/Soc/Econ/Health)","behavior"
"4:120dd84f-548e-4f2c-98da-0e67ed6fd213:21","anki_cards.csv","To translate a desired variable into a specific measurement","Operationalize","Operationalize","Anthro (Psych/Soc/Econ/Health)","behavior"
"4:120dd84f-548e-4f2c-98da-0e67ed6fd213:22","anki_cards.csv","400-700nm","electromagnetic radiation range of visible light","electromagnetic radiation range of visible light","Anthro (Psych/Soc/Econ/Health)","perception"
"4:120dd84f-548e-4f2c-98da-0e67ed6fd213:23","anki_cards.csv","Thorndike’s law of effect: behavior is a function of its consequences; I.e. survival of the smartest<div>BF Skinner 1904-1990</div>","Operant conditioning","Operant conditioning","Anthro (Psych/Soc/Econ/Health)","behavior"
"4:120dd84f-548e-4f2c-98da-0e67ed6fd213:24","anki_cards.csv","Dilating the pupil causes the image to become blurry<div>Both the cornea and the lens are lenses basically</div><div>Adjustable lens - ⅓ of focusing power</div><div>When light hits the top of a photoreceptor, the output is graded based on the input</div><div>With only one photoreceptor present, Rods only read the intensity of light</div><div>3 kinds of cones: small (blues), medium (greens), large (red)</div><div>Non uniform retina tiling: small photoreceptor in center of gaze (fovea) where the optics produce the best image, and larger photoreceptors in the periphery</div><div>At each distance from the fovea the rods are smaller than the cones&nbsp;</div><div>Consequence: lower spatial resolution in the periphery</div><div>The fovea contains only cones</div><div>There are 100 million photoreceptors per retina</div><div>Compute and process 1.2 million worth with a neutral layer after the optic layer</div><div>There’s a blind spot in your visual field where the retina has no photoreceptors</div><div>Light enters through the ganglion cells, passes through bipolar/horizontal/amacrine cells, gets to photoreceptors and is transduced (computed), then travels back through the layers to the ganglion where it can be read by the brain as data</div><div>Fun: the size of dendritic trees of ganglion neurons increases with distance from the fovea</div><div>So the peripheral ganglion neurons sum information from more photoreceptors than the foveal neurons</div>","Pupil as pinhole; photoreceptor; fovea; periphery","Pupil as pinhole; photoreceptor; fovea; periphery","Anthro (Psych/Soc/Econ/Health)","perception"
"4:120dd84f-548e-4f2c-98da-0e67ed6fd213:25","anki_cards.csv","Valuation your visual Field<div>One degree of eccentricity is a single fingernail on an outstretched arm&nbsp;</div><div>High visual acuity in nexus point of vision</div>","Degrees of eccentricity","Degrees of eccentricity","Anthro (Psych/Soc/Econ/Health)","perception"
"4:120dd84f-548e-4f2c-98da-0e67ed6fd213:26","anki_cards.csv","Observational<div>-descriptive</div><div>-correlational</div><div><br></div><div>Electroencephalogram (eeg)</div><div>Structural &amp; functional magnetic resonance imaging</div><div>fMRI study design: contrast, compare activity by condition</div>","Non-invasive research techniques","Non-invasive research techniques","Anthro (Psych/Soc/Econ/Health)","behavior"
"4:120dd84f-548e-4f2c-98da-0e67ed6fd213:27","anki_cards.csv","<div>Reasons for helping others(animals):</div>Kin selection<div>Reciprocity, direct and indirect - requires observation</div><div><br></div><div>In humans:</div><div>Large group living, high-maintenance infants, hunting requires cooperation</div><div><br></div><div>Warneken et Al. 2011- human children share resources attained through collaboration</div><div>Melis et Al. 2011 - chimps use “first come, first served” regardless of collaboration</div>","Evolutionary behavioral implications","Evolutionary behavioral implications","Anthro (Psych/Soc/Econ/Health)","behavior"
"4:120dd84f-548e-4f2c-98da-0e67ed6fd213:28","anki_cards.csv","'Conduct: an action potential is fired down the axon<div>Transmit: as the action potential reaches the end of the neuron, chemicals called neurotransmitters (endogenous chemical messengers) are released into the synapse</div><div>Action terminal -&gt; synaptic cleft -&gt; dendritic spine</div><div>What distinguishes thought from individual neurons firing?</div><div>Frequency, pattern, and place<br></div><div><br></div><div>Neural/Neuron maturation stages<br>synaptogenesis: new synapse creation<br>Pruning: reduction of synaptic connections according to ''use or lose'' principle<br>myelination: creation of myelin (white matter) along axons to speed neural communication<br></div><div><br></div><div>Total output of a neuron&nbsp;<br>Weighted sum of excitatory and inhibitory synapses<br></div><div><br></div><div>Representational Drift<br>-Stored information allows for uniform behavior through continuous reconfiguration as neuronal activity fluctuates<br>-error signals between interconnected brain regions can be used to keep neural codes consistent despite changes<br><a href=''https://www.ncbi.nlm.nih.gov/pmc/articles/PMC7385530/''>https://www.ncbi.nlm.nih.gov/pmc/articles/PMC7385530/</a><br></div><div><br></div><div><br></div><div>Neural clustering: related neurons are close together. Pro and con:<br>Pro: minimize wiring costs; increase efficiency<br>con: agnosias; visual (object) agnosia vs. prosopagnosia (Face)<br></div><div><br></div><div><br></div><div>3 things that determine aggregate thought from neuron firing<br>Frequency, pattern, and place<br></div>'","🦠Neurons’ information flow","🦠Neurons’ information flow","Anthro (Psych/Soc/Econ/Health)","adaptation;cognition;neurobiology;psychology"
"4:120dd84f-548e-4f2c-98da-0e67ed6fd213:29","anki_cards.csv","1. Ah subject to fixate in spot in visual field<div>2. Place stimulus object relative to fixation</div><div>3. Ganglion neuron responds</div><div>4. Neutral responses are measured as changes on the firing rate</div><div><br></div><div>The receptive field is the part of visual space that the neuron responds</div><div>He was correct; the response is proportional to the stimulus</div><div><br></div><div>Output depends on area of overlap between between light and excitatory/ &amp; inhibitory synapses</div>","Kuffler &nbsp;- Ganglion Response experiment design","Kuffler &nbsp;- Ganglion Response experiment design","Anthro (Psych/Soc/Econ/Health)","perception"
"4:120dd84f-548e-4f2c-98da-0e67ed6fd213:30","anki_cards.csv","-distal stimulus hits the eye and is transformed into proximal stimulus within<div>-size of proximal stimulus is proportional to the size of the distal stimulus</div><div>The brain integrates info about retina size and depth</div>","Proximal and distal stimulus","Proximal and distal stimulus","Anthro (Psych/Soc/Econ/Health)","neurobiology"
"4:120dd84f-548e-4f2c-98da-0e67ed6fd213:31","anki_cards.csv","Behavior is a function of its consequences; survival of the fittest actions","Thorndike’s law of Effect","Thorndike’s law of Effect","Anthro (Psych/Soc/Econ/Health)","behavior"
"4:120dd84f-548e-4f2c-98da-0e67ed6fd213:32","anki_cards.csv","Positive reinforcement: reward success<div>Positive punishment: punish failure</div><div>Negative reinforcement: reward failure</div><div>Negative punishment: punish failure</div>","Positive/negative reinforcement/punishment","Positive/negative reinforcement/punishment","Anthro (Psych/Soc/Econ/Health)","behavior"
"4:120dd84f-548e-4f2c-98da-0e67ed6fd213:33","anki_cards.csv","'1.Sensory- records iconic (1/10s) and echoic&nbsp;<div>2. Working- flexible duration &amp; limited capacity</div><div>3 long-term - potentially unlimited capacity &amp; duration; specificity</div><div><br></div><div><span style=''color: var(--field-fg); font-family: -apple-system-body; background: var(--field-bg);''>long-term;</span><br></div><div>Implicit/nondeclarative - how to do basic tasks</div><div>Explicit/declarative - split into Semantic-facts and Episodic-events</div><div><br></div><div>input to sensory<br>attention to short-term</div><div>rehearsal in short-term<br>encoding to long-term<br>retrieval to short-term</div><div><br></div><div><div>Encoding is what takes knowledge from working memory to long-term memory</div><div>Elaboration is the process of deliberately relating new information to known information</div><div>Memory retrieval is an active process of reconstruction using any info at disposal; we can lose track of origins in&nbsp;<b>source confusion</b></div></div>'","Memory types","Memory types","Anthro (Psych/Soc/Econ/Health)","behavior"
"4:120dd84f-548e-4f2c-98da-0e67ed6fd213:34","anki_cards.csv","The depolarization of the cell membrane (sarcolemma),&nbsp;<div><br></div><div>which opens up voltage-sensitive sodium channels; these become inactivated and the membrane is repolarized through the outward currents of potassium ions</div>","An action potential results most directly from ______","An action potential results most directly from ______","Anthro (Psych/Soc/Econ/Health)","neurobiology"
"4:120dd84f-548e-4f2c-98da-0e67ed6fd213:35","anki_cards.csv","Binds to and activates MORs (Mu-opioid receptors), which typically only bind to neurotransmitters to regulate pain, hormone release, and feelings of wellbeing. Once bound to, the MORs stimulate release of dopamine","Heroin&nbsp;","Heroin&nbsp;","Anthro (Psych/Soc/Econ/Health)","neurobiology"
"4:120dd84f-548e-4f2c-98da-0e67ed6fd213:36","anki_cards.csv","'Nervous system division<br>Central division contains brain and spinal cord<div>Peripheral division contains autonomic &amp; somatic nervous systems</div><div>Autonomic contains sympathetic &amp; parasympathetic nervous systems</div><div><br></div><div>3 Axes of Brain:<br>Axial is parallel to ground<div>Coronal splits anterior from posterior</div><div>Sagittal splits left from right</div></div><div><br></div><div>Amygdala<br>Controls our emotions stored with experiences; recall; reward system; fight or flight<div>Almond shaped; we have two</div></div><br><div>Language: Broca's (speech) vs Wernicke's (comprehension) Area<br></div><div>Broca’s area is in the&nbsp;<span style=''font-weight: bold;''>frontal lobe&nbsp;</span>in and around the&nbsp;<span style=''font-weight: bold;''>inferior frontal gyrus</span></div><div><b>Aphasia:</b>&nbsp;understanding is good, articulation is difficult, intelligence intact</div><div><span style=''font-weight: bold;''><br></span></div><div><div>Wernicke’s area is in the temporal lobe in and around the superior temporal sulcus and angular gyrus</div></div><div><b>aphasia:</b>&nbsp;understanding is poor, artiiculation is effortless, meaning impaired</div><br>Cerebellum<br>Fist-sized; sits under the brain’s major lobes and is attached to the brain stem.&nbsp;<div>It is partially responsible for your sense of balance, posture, your coordination, fine motor movement, and timing precision.&nbsp;<div>When someone’s cerebellum is damaged, they lose some of their acuity for accurate timing and motion.</div></div><br>Frontal lobe<br>Motor control (premotor cortex)<div>Executive function &amp; Problem solving (prefrontal area)</div><div>Speech production (Broca’s area)</div><div>Empathy &amp; social reasoning</div><br>Hippocampus<br>Seahorse-shaped; one on the underside of each temporal lobe<div>The overall hippocampal formation supports memory, learning, navigation and perception of space</div><div>Receives information from cerebral cortex</div><div><br></div><div><b>Hypothalamic-Pituitary-Adrenal (HPA) Axis</b><div>Primary driver of the endocrine stress response</div><div>The hypothalamus signals the pituitary gland to produce a hormone, Which in turn signals the adrenal glands, above the kidneys, to&nbsp;<span style=''color: var(--field-fg); background-image: ; background-position-x: ; background-position-y: ; background-size: ; background-repeat-x: ; background-repeat-y: ; background-attachment: ; background-origin: ; background-clip: ;''>Increase production of steroid hormones called glucocorticoids, which include Cortisol, the “stress hormone”</span></div></div><div><br></div><div>Medulla<br>Where the brain meets the spinal cord; cone-shaped<div><div>Regulates heart rhythm, breathing, blood flow, and oxygen + co2 levels, vasomotor &amp; sleep/wake</div><div>Produces sneezing, swallowing, coughing and vomiting</div></div></div><div><br></div><div>Occipital lobe<br>Back of the brain, behind everything &amp; above cerebellum<div>Sight (visual cortex)</div><div>Visual reception &amp; interpretation</div></div><div><br></div><div>Parietal lobe&nbsp;<br>Sits behind frontal &amp; above/in front of occipital lobe<div>Touch perception(somatosensory cortex)</div><div>Body orientation &amp; sensory discrimination</div></div><div><br></div><div>Pineal gland<br>Deep in the brain, attached by a stalk to the top of the third ventricle<div>Responds to light conditions and secretes melatonin</div></div><div><br></div><div><div>Pons<br></div><div>Origin for four of twelve cranial nerves</div><div>Regulates chewing, blinking, focusing vision, tear production, balance, hearing, and facial expression</div>Latin for “bridge”, connects midbrain to medulla<br></div><div><br></div><div>Prefrontal Cortex<br>Prefrontal cortex is slowest part of brain to mature<br>Executive functions: planning &amp; working memory; control of attention &amp; behavior (<b>inhibition</b>)<br><div><div><div><div><ul><li><div>Frontal lobe continues to mature into early 20’s</div></li><li><div>“Not all adolescents make bad decisions, but a lot of bad decisions are made by adolescents”</div><div>– Galvin, 2008&nbsp;</div></li></ul><div><br></div><div><br></div><div><br></div><div><div>Temporal lobe<br></div><div>Under the frontal and parietal lobes, in front of occipital</div>Auditory processing cortex (A1) in superior temporal gyrus<br>A1 ''receives point-to-point&nbsp;<a href=''https://www.ncbi.nlm.nih.gov/books/n/neurosci/A2251/def-item/A2546/''>input</a>&nbsp;from the&nbsp;<a href=''https://www.ncbi.nlm.nih.gov/books/n/neurosci/A2251/def-item/A2955/''>ventral</a>&nbsp;division of the&nbsp;<a href=''https://www.ncbi.nlm.nih.gov/books/n/neurosci/A2251/def-item/A2609/''>medial geniculate complex</a>; thus, it contains a precise tonotopic&nbsp;<a href=''https://www.ncbi.nlm.nih.gov/books/n/neurosci/A2251/def-item/A2605/''>map</a>.''<br><a href=''https://www.ncbi.nlm.nih.gov/books/NBK10900/''>https://www.ncbi.nlm.nih.gov/books/NBK10900/</a><br><div>Language comprehension (Wernicke’s area)</div><div>Memory &amp; information retrieval</div></div><div><br></div><div><br></div></div></div></div></div></div><div>Ventricles - Four open areas with passageways between them<div>Manufacture CerebroSpinal fluid, which circulates through ventricles, spinal cord, and meninges</div><div>CSF surrounds and cushions spinal cord and brain, delivers nutrients, washes waste&nbsp;</div></div><div><br></div><div>Major Neurotransmitters<br><ul><li>Amines</li><li>dopamine</li><li>serotonin</li><li>Peptides (e.g. opioids)</li><li>Amino acids</li><li>glutamate</li><li>GABA</li></ul><div><br></div></div><div>Superior temporal sulcus (STS) - Area most sensitive to biological motion<br></div><div><br></div><div>Mirror neuron<br>A brain cell that reacts both when a particular action is performed and when it is only observed<br></div><div><br></div><div><br></div><div>Dysfunction:<br>inability to recognize stimuli, not due to sensory hardware issues<div>&nbsp; &nbsp; &nbsp; • Prosopagnosia: inability to recognize familiar faces, not due to sensory hardware issues (1 in 50 adults)</div><div>&nbsp; &nbsp; &nbsp; • Fusiform Gyrus damage produces same effect</div></div>'","🧠Sections of the Brain","🧠Sections of the Brain","Anthro (Psych/Soc/Econ/Health)","formula;neurobiology;psychology"
"4:120dd84f-548e-4f2c-98da-0e67ed6fd213:37","anki_cards.csv","Ability to behave in a new situation in a way that has been learned in similar situations","Stimulus generalization","Stimulus generalization","Anthro (Psych/Soc/Econ/Health)","behavior"
"4:120dd84f-548e-4f2c-98da-0e67ed6fd213:38","anki_cards.csv","Fixed interval - reward after set time; moderate response with significant pauses after reinforcement; hospital pain relief<div>Variable interval - condition flux; moderate yet steady response rate; checking Facebook</div><div>Fixed ratio - set number of required responses before reward; high response rate with pauses after reinforcement; piecework</div><div>Variable ratio - number of responses needed for a reward varies; most powerful partial reinforcement schedule; gambling; high &amp; steady response</div>","Reinforcement schedules","Reinforcement schedules","Anthro (Psych/Soc/Econ/Health)","behavior"
"4:120dd84f-548e-4f2c-98da-0e67ed6fd213:39","anki_cards.csv","Lack of receptors (rods or cones) where the optic nerve and blood vessels leave the eye, passing through the optic disc","Blind spot (scotoma)","Blind spot (scotoma)","Anthro (Psych/Soc/Econ/Health)","neurobiology"
"4:120dd84f-548e-4f2c-98da-0e67ed6fd213:40","anki_cards.csv","Perception of stimulus change is a relative proportional percentage based on the magnitude of the stimuli&nbsp;<div>JND is calculated with the Weber fraction, the ratio of the minimum change in stimulus magnitude over the magnitude of the stimulus itself</div><div>W=🔺I/I</div><div>See: Just Noticeable difference, McShefferty et al 2015</div>","Weber’s law","Weber’s law","Anthro (Psych/Soc/Econ/Health)","perception"
"4:120dd84f-548e-4f2c-98da-0e67ed6fd213:41","anki_cards.csv","<div>Light enters the eye by passing through the cornea. The iris controls the amount of light entering the eye, and the lens focuses the light on the retina.</div>","Light Ingest for the Human Eye","Light Ingest for the Human Eye","Anthro (Psych/Soc/Econ/Health)","perception"
"4:120dd84f-548e-4f2c-98da-0e67ed6fd213:42","anki_cards.csv","Stronger stereo vision; texture cues","Main utility of two eyes in front of face","Main utility of two eyes in front of face","Anthro (Psych/Soc/Econ/Health)","perception"
"4:120dd84f-548e-4f2c-98da-0e67ed6fd213:43","anki_cards.csv","The sensory transduction process of the visual system by which light is detected to yield nerve impulses in the rod cells and cone cells in the retina of the eye in humans and other vertebrates","Visual transduction","Visual transduction","Anthro (Psych/Soc/Econ/Health)","perception"
"4:120dd84f-548e-4f2c-98da-0e67ed6fd213:44","anki_cards.csv","The way that people perceive, comprehend, and interpret their sensory input","Construal","Construal","Anthro (Psych/Soc/Econ/Health)","behavior"
"4:120dd84f-548e-4f2c-98da-0e67ed6fd213:45","anki_cards.csv","Learned association between the taste of a particular food and illness such that the food is considered to be the cause of the illness","Learned taste aversion","Learned taste aversion","Anthro (Psych/Soc/Econ/Health)","behavior"
"4:120dd84f-548e-4f2c-98da-0e67ed6fd213:46","anki_cards.csv","<div>One. Learning through association – classical conditioning; Pair neutral stimulus to trained stimulus</div><div>Elicited behavior is affected by some thing that occurs before behavior</div><div>Pioneered by Pavlov; focuses on involuntary automatic behaviors</div><div>Delay conditioning most effective: unconditioned stimulus is presented while condition stimulus is still occurring</div><div>Two. Learning through consequences – operant/instrumental conditioning</div><div>Operant behavior is affected by some thing that occurs after behavior</div><div>Pioneered by BF Skinner; involves applying reinforcement or punishment to strengthen or weaken voluntary behaviors</div><div>Three. learning through observation – modeling/observational learning</div>","Learning – major types","Learning – major types","Anthro (Psych/Soc/Econ/Health)","behavior"
"4:120dd84f-548e-4f2c-98da-0e67ed6fd213:47","anki_cards.csv","Law of effect<br>If a response is rewarded, that response will be strengthened. If the response is punished, it will be weekend.","🔔Conditioning Behavior","🔔Conditioning Behavior","Anthro (Psych/Soc/Econ/Health)","behavior"
"4:120dd84f-548e-4f2c-98da-0e67ed6fd213:48","anki_cards.csv","<div>components</div><div>Cornea: front part or “window“</div><div>Pupil: regulate amount of light entering eye</div><div>Iris: colored part of the eye</div><div>Lens: focuses images onto the retina</div><div>Retina: innermost layer of the eye composed of light sensitive cells</div><div>macula: responsible for central or “eagle eye“ vision</div><div>Optic nerve: collection of nerve endings attached to the retina</div><div><br></div><div>The cornea and lens work together to bend light rays toward the retina in a process called refraction</div><div>The cornea provides most of the refracting power because the corneal curve remains constant</div><div>The lens, however, can change shape to focus between different objects in a process called accommodation</div><div>Accommodation is achieved by a ciliary body, a large muscle inside the eye, changing the shape of the lens</div>","Eye part 2","Eye part 2","Anthro (Psych/Soc/Econ/Health)","perception"
"4:120dd84f-548e-4f2c-98da-0e67ed6fd213:49","anki_cards.csv","'Objects in a sequence are mentally ''placed'' in locations along a familiar route<br>Dresler et al. 2017<br>Individuals trained in methods of loci for 6 weeks showed<div>-significant improvements in word list memorization</div><div>-increases in functional connectivity correlated with brain activity shown by memory athletes</div><div>-The extent to which you believe in fate weakens your ability to control it<br></div>'","Method of Loci (Memory palace)","Method of Loci (Memory palace)","Anthro (Psych/Soc/Econ/Health)","behavior"
"4:120dd84f-548e-4f2c-98da-0e67ed6fd213:50","anki_cards.csv","General mental capability including reasoning, problem-solving, complex comprehension","Intelligence","Intelligence","Anthro (Psych/Soc/Econ/Health)","behavior"
"4:120dd84f-548e-4f2c-98da-0e67ed6fd213:51","anki_cards.csv","Mental shortcut (thinking system 1) used to make judgements + decisions<br>See availability heuristic, affect heuristic, representativeness heuristic<br>EFFORT &amp; STRAIN REDUCTION IN DECISION-MAKING<br><br><br>Availability Heuristic<br>strategy for determining how frequent or probable something is based on how easily it comes to mind<br><br>Schwarz et al 1991 - The more you are pressed to think of available anecdotes, the less relevant those anecdotes will become","Heuristic","Heuristic","Anthro (Psych/Soc/Econ/Health)","behavior;heuristic"
"4:120dd84f-548e-4f2c-98da-0e67ed6fd213:52","anki_cards.csv","Perceptual narrowing<br>de-focusing from contrast that does not matter to input parsing anymore<br><br>Voice Onset Time (VOT)<br>the length of time between when a consonant is released and the vocal chords start vibrating (voicing)<br>b &lt; p as far as VOT<br>As VOT becomes a gradient, there is a concrete point where perception of one thing becomes perception of the other","👁️👂Psychology of Perception","👁️👂Psychology of Perception","Anthro (Psych/Soc/Econ/Health)","perception"
"4:120dd84f-548e-4f2c-98da-0e67ed6fd213:53","anki_cards.csv","'Whorfian (Sapir-Whorf) Hypothesis(1920s-ish) - Language shapes the way we think. AKA Linguistic Determinism<br><br>Delayed gratification<br><img src=''Screenshot 2022-12-12 at 4.00.40 PM.png''><br><div><div><div><div><div>Walter Mischel (1930-2018)</div><div>Based on Shoda, Mischel, &amp; Peake (1990)<br></div><div><br></div><div>Levinson 2003<br>English speakers will place objects in an identical order when asked to rearrange; Tseltal speakers will mirror the original configuration<br></div><div>&nbsp;</div></div></div></div></div>'","🗨️Psycholinguistics History","🗨️Psycholinguistics History","Anthro (Psych/Soc/Econ/Health)","Example;history"
"4:120dd84f-548e-4f2c-98da-0e67ed6fd213:54","anki_cards.csv","Bio-based reactions to situations seen as personally relevant<br>shaped by learning &amp; experience<br>usually involve changes in: subjective experience, expressive behavior, physiology","Defining Emotions","Defining Emotions","Anthro (Psych/Soc/Econ/Health)","behavior"
"4:120dd84f-548e-4f2c-98da-0e67ed6fd213:55","anki_cards.csv","'Diener 2000<br><img src=''Screenshot 2022-11-04 at 9.56.35 AM.png''>'","Happiness in Psych Studies","Happiness in Psych Studies","Anthro (Psych/Soc/Econ/Health)","Example;formula;history"
"4:120dd84f-548e-4f2c-98da-0e67ed6fd213:56","anki_cards.csv","Hedonism s a state of subjective well-beiing involving frequent positive emotion &amp; infrequent negative emotion. Thus happiness is equated to emotion<br>Eudaimonic perspective - happiness as meaning<br>H is an overall sense of one's life as satisfying and meaningful","The hedonic vs eudaimonic perspective on happiness","The hedonic vs eudaimonic perspective on happiness","Anthro (Psych/Soc/Econ/Health)","behavior;health;philosophy"
"4:120dd84f-548e-4f2c-98da-0e67ed6fd213:57","anki_cards.csv","happiness response especally active in brain when good things exceed expectations (prediction error)","Prediction Error","Prediction Error","Anthro (Psych/Soc/Econ/Health)","behavior"
"4:120dd84f-548e-4f2c-98da-0e67ed6fd213:58","anki_cards.csv","both positive and negative emotional effects of an experience wear off over time","Hedonic treadmill","Hedonic treadmill","Anthro (Psych/Soc/Econ/Health)","behavior"
"4:120dd84f-548e-4f2c-98da-0e67ed6fd213:59","anki_cards.csv","'Iyengar &amp; Lepper 2001 - The paradox of choice - although we want choices, too many choices makes decisions more difficult and less satisfying.<br><br><img src=''Screenshot 2022-11-04 at 9.26.46 AM.png''><br><br><br>Seligman EA 2005; Lyubomirsky 2006<br>Gratitude journals help increase happiness, even 6 months after exercise<br><br><br><br>Lacking resources is cognitively expensive<br>Mullainathan and Shafir<br><div><div><div><div><div><b>Mani et al., 2014:</b>&nbsp;Poverty impedes cognitive function, working memory, depletes ego, causes self-regulatory failures like overeating &amp; overspending bc such strain taxes the poor's limited self-regulatory resources</div><div><a href=''https://www.ncbi.nlm.nih.gov/pmc/articles/PMC4511075/''>https://www.ncbi.nlm.nih.gov/pmc/articles/PMC4511075/</a></div></div></div></div></div><div><br></div><div><br></div><div>Mauss et al 2011; Ford et al 2014<br><img src=''Screenshot 2022-11-04 at 10.01.21 AM.png''><br></div><div><br></div><div><br></div>'","😊Happiness Psychology Literature","😊Happiness Psychology Literature","Anthro (Psych/Soc/Econ/Health)","behavior;history;perception;persuasion;psychology"
"4:120dd84f-548e-4f2c-98da-0e67ed6fd213:60","anki_cards.csv","change in one's thoughts, feelings, actions due to others<br>Major kinds:<br><b>Conformity</b>: changing one to fit the others<br><b>obedience:</b>&nbsp;changing one to fit the demands of a more powerful other","Social influence","Social influence","Anthro (Psych/Soc/Econ/Health)","behavior"
"4:120dd84f-548e-4f2c-98da-0e67ed6fd213:61","anki_cards.csv","Social behavior learned by observing &amp; imitating others<br>Albert Bandura@stanford","Social Learning Theory","Social Learning Theory","Anthro (Psych/Soc/Econ/Health)","behavior"
"4:120dd84f-548e-4f2c-98da-0e67ed6fd213:62","anki_cards.csv","blunting of care as the number of people in need increases","Compassion Collapse","Compassion Collapse","Anthro (Psych/Soc/Econ/Health)","behavior"
"4:120dd84f-548e-4f2c-98da-0e67ed6fd213:63","anki_cards.csv","'<img src=''Screenshot 2022-11-04 at 10.53.41 AM.png''>'","Retina Light Ingest Process","Retina Light Ingest Process","Anthro (Psych/Soc/Econ/Health)","perception"
"4:120dd84f-548e-4f2c-98da-0e67ed6fd213:64","anki_cards.csv","'Brain Maturity Development Stages/Timeline<br><img src=''41582_2014_Article_BFnrneurol2014187_Fig1_HTML.jpg''><br><br><div>False-belief task from theory of mind studies.</div><div>Children must infer that another person does not possess the knowledge that they possess.</div><div>children of three years or younger often cannot make this distinction.</div>'","🌱Developmental Psych","🌱Developmental Psych","Anthro (Psych/Soc/Econ/Health)","history;psychology"
"4:120dd84f-548e-4f2c-98da-0e67ed6fd213:65","anki_cards.csv","'<img src=''Screenshot 2022-12-12 at 4.34.07 PM.png''><br><br>stress:<br>• Mobilize energy to get muscles to move<br>• Release glucose from the liver, increase blood pressure, heartrate.<br>-Causes:&nbsp;• diabetes, heart disease, obesity<br>• Enhance cognition<br>• Lower sensory thresholds, boost attention, memory retrieval and encoding<br>-causes:&nbsp;neuron death in the hippocampus, depression/anxiety<br>• Suppress long-term ''building projects''<br>-causes:&nbsp;ulcers, dwarfism, slowed healing, infertility<br>• E.g., digestion, growth, tissue repair, reproduction<br><br><br><br>Sympathetic - arousal&nbsp;<div>Parasympathetic - relaxation</div><div><br></div><div>SNS signals adrenal glands to release epinephrine and Cortisol</div><div>Heart beats faster, respiration increases, vasodilation in the extremities, and an increase in glucose levels</div><div>PNS facilitates the return from this state, but can also cause stress reactions like bronchoconstriction (asthma) or extreme vasodilation, compromising circulation</div>'","Sympathetic vs Parasympathetic stress response","Sympathetic vs Parasympathetic stress response","Anthro (Psych/Soc/Econ/Health)","behavior;neurobiology;psychology"
"4:120dd84f-548e-4f2c-98da-0e67ed6fd213:66","anki_cards.csv","mechanical vs. electromagnetic waves<br>many sub-organs to amplify: cornea, pupil, lens, outer ear, ossicles, cilia<br>transduction by organ of corti cilia vs transduction by photoreceptors<br>tonotopiic vs topographic map<br>40k axons for hair cells for auditory nerve, 1mil axons of ganglion neurons form optiiv nerve<br><br>pathways:<br>c - cn - on - ic - mgn - A1<br>ret -&gt; lat gen nucleus -&gt; V1<br>for auditory, binaural starts subcortically in ON<br>for visual, binocular starts in v1 cortex","Eye v Ear processing differences","Eye v Ear processing differences","Anthro (Psych/Soc/Econ/Health)","audition;perception;vision"
"4:120dd84f-548e-4f2c-98da-0e67ed6fd213:67","anki_cards.csv","Socioeconomic theory of regulation discusses how lives of individuals (pathetic dots) are quad-regulated by the forces of the law, social norms, the market, and architecture (tech infrastructure).<br><br>All of these have enforced norms &amp; encompass the totality of what constrains our action, indirectly and directly, ex post and ex ante.","Lessig's Pathetic Dot Theory","Lessig's Pathetic Dot Theory","Anthro (Psych/Soc/Econ/Health)","economics;psychology;sociology"
"4:120dd84f-548e-4f2c-98da-0e67ed6fd213:68","anki_cards.csv","-a sine wave/sinusoidal waveform of any frequency, amplitude, and phase-shift","Pure Tone","Pure Tone","Anthro (Psych/Soc/Econ/Health)","audition;perception"
"4:120dd84f-548e-4f2c-98da-0e67ed6fd213:69","anki_cards.csv","'-Primary visual cortex V1, located in the occipital lobe<br>-Both hemispheres have a visual cortex; each receives signals from the opposite-side visual field since the nerve routes swap sides along the optic chiasm<br>-input originating at the eyes passes through the lateral geniculate nucleus in the thalamus and then reaches v1<br><br><a href=''https://en.wikipedia.org/wiki/Visual_cortex''>https://en.wikipedia.org/wiki/Visual_cortex</a>'","First Part of the Brain to process binocular visual input","First Part of the Brain to process binocular visual input","Anthro (Psych/Soc/Econ/Health)","perception;vision"
"4:120dd84f-548e-4f2c-98da-0e67ed6fd213:70","anki_cards.csv","'Earnings before Interest, Taxes, Depreciation, and Amortiziation<br>de facto ''profitability''<br><br>Companies have often published their results because they overrepresent profitability, despite EBITDA being unrecognized under generally accepted accounting principles (GAAP)<br><br>SEC requires any listed company to juxtapose any EBITDA with net income, forbids reporting EBITDA per share<br>Buffett calls it meaningless'","EBITDA","EBITDA","Anthro (Psych/Soc/Econ/Health)","economics"
"4:120dd84f-548e-4f2c-98da-0e67ed6fd213:71","anki_cards.csv","At least 150mins - 2.5hrs - of cardio/week can cut mortality by 10-20%<br>Cardio should happen 4-5x/wk","🫀Cardio","🫀Cardio","Anthro (Psych/Soc/Econ/Health)","exercise"
"4:120dd84f-548e-4f2c-98da-0e67ed6fd213:72","anki_cards.csv","Married people are 77% wealthier than single people, and their net worth typically increases 16% each year they’re together. Married people live longer and are happier than single people. Higher marriage rates are correlated with greater GDP per capita, greater economic mobility, and a reduction in child poverty of as much as 80%.<br><br>Sonya Passi Freefrom:<br>The number 1 reason survivors stay or return is financial insecurity - in 95% of domestic abuse cases, financial abuse occurs.","Married vs. Single Finances","Married vs. Single Finances","Anthro (Psych/Soc/Econ/Health)","health;lifestyle"
"4:120dd84f-548e-4f2c-98da-0e67ed6fd213:73","anki_cards.csv","'#Experiential#<br>**Serendipity razor** - choose paths with greater serendipity surface area to increase your chances of luck. Never miss a true opportunity, and rarely miss a false one. Optimists are often better opportunists because they see greater possibilities for the same choice sets.<br><br>**Experience Razor**-Always choose the more difficult short-term option. Minutes in the center of arena will teach you more than years in the crowd.<br><br>**Buffett Reputation Razor** - 20 years to build rep; 5 minutes to ruin it. Reputation is built over decades out of glass and hot glue.<br>**Buffett digging razor** - if in a hole, stop digging<br><br>**Grit Razor** - if choosing between equal merit options, choose the one which has endured greater strain, which has faced greater odds to be in front of you. It may continue succeeding from the bottom.<br><br>**Hanlon's Razor** - never attribute to malice that which can be adequately explained by stupidity.<br>Machiavelli version is same but with self-interest<br><br>**Pygmalion Razor** - high expectations lead to high performance, and vice versa. Choose to also see in your teammates their own highest form of their own potential, and watch this ideal person manifest.<br><br>#Logical/Pathological#<br><br>**Feynman Razor** - Jargon often masks a lack of true understanding; Bragging often masks a lack of true achievement.<br><br>-**Newton's razor **- if something can't be settled by experiment or observation (a posteriori), it's not worth debating.<br><br>-**Hitchens' Razor** - what can be asserted without evidence can be dismissed just so. Burden of proof lies on the claimant.<br><br>-Narrative fallacy razor - often what others narratively attribute to talent can be attributed to randomness and luck<br><br>-Worrying razor - if someone says don't worry, worry. Get the answers to your questions and set your advantages and limitations in stone.'","All Razors/Heuristics/Rule of Thumb","All Razors/Heuristics/Rule of Thumb","Anthro (Psych/Soc/Econ/Health)","heuristic;logic"
"4:120dd84f-548e-4f2c-98da-0e67ed6fd213:74","anki_cards.csv","1. Media are infinitely complex<br>2. Control groups hard to find<br>3. Many causes for a somewhat constrained set of effects<br>4. Time order for casual conclusions is hard to come by<br>5. Media use has idiosyncrasies<br>6. Needle Haystack Search<br><br>COMM 172 // Media Psych","-Media Psychology Meta-analysis is difficult bc:","-Media Psychology Meta-analysis is difficult bc:","Anthro (Psych/Soc/Econ/Health)","heuristic;logic"
"4:120dd84f-548e-4f2c-98da-0e67ed6fd213:75","anki_cards.csv","Personalized Marketing","The history of media psychology is the history of _____________","The history of media psychology is the history of _____________","Anthro (Psych/Soc/Econ/Health)","heuristic;logic"
"4:120dd84f-548e-4f2c-98da-0e67ed6fd213:76","anki_cards.csv","'Robert Sapolsky<br><a href=''https://www.youtube.com/watch?v=NOAgplgTxfc&amp;list=WL&amp;index=9''>https://www.youtube.com/watch?v=NOAgplgTxfc&amp;list=WL&amp;index=9</a><br><br>It's often brought on by major events in life, and lasts for some time after though it's differentiated from major depression because it takes a similar cataclysm to induce that state again.<br><br>Major depressives experience psychomotor retardation, preventing them from activating their own support systems, while reactive depressives lean further into impulsive indulgences such as overeating to relieve their depression.<br><br>Seasonal affective disorders can cause repeated episodes around the same time of year, regardless of the presence of a catalyzing event.<br><br>We have strong chemical connections between depression and a generalized lack of norepinephrine in the brain.<br><br>Selective Serotonin Reuptake Inhibitor - SSRI<br><br>Thyroid hormones regulate homeostasis<br>Hypothyroidism is correlated with depression, and reuptake with depression mitigation. <br>Estimated 20% of depressions are improperly diagnosed thyroid disorders.<br>nutrition is also critical for a healthy thyroid.<br><br>Women tend to ruminate more on emotionally disturbing incidents, statistically. But that's not correlated with them being at higher risk to depression. Postpartum, PMS, Menopause are heavily correlated with depression.<br><br>We secrete glucocortisoids, which are also in cortisol and hydrocortisone, when we're depressed.<br><br>Depression is aggression turned inward, learned helplessness. We believe that when we experience bad things we are meant to learn them.<br><br>If one identical twin has depression, other has 50/50 chance. Genes are important, but not the most important.<br><br>Each one of us has a version of a gene which can or cannot cause depression.&nbsp; That gene alone doesn't determine anything, but one has a much higher risk of depression onset after a major stressor. Glucocortisoids regulate the function of this gene.'","Depression &amp; My Reactive Depression","Depression &amp; My Reactive Depression","Anthro (Psych/Soc/Econ/Health)","heuristic;logic"
"4:120dd84f-548e-4f2c-98da-0e67ed6fd213:77","anki_cards.csv","Reappraisal: changing what we think to change how we feel<br>impacts:<br>behavior decreases<br>feelings decrease<br>physiological response decreases<br><br>Brooks 2013: positive, excited reappraisal can boost singing performance accuracy<br>Jamieson et al: feeling axious on a test can actually improve performance, esp on math GRE<br><br>Lord, Ross, Lepper 1979<br>Both proponents &amp; opponents to the death penalty felt even stronger about their beliefs after reading mixed evidence that didn't lean either way<u><b><br><br>Solomon's paradox</b></u> - We reappraise much more wisely for others than for ourselves<br><br>Tversky &amp; Kahneman 1981<b><br>Framing effects<br><br>gain frame</b><br>If program A is adopted, what will be gained and with what degree of certainty?<br><br><b>loss frame</b><br>If program A is adopted, what will be lost and witth what degree of certainty?<br><br>T&amp;K - showed that people much more likely to choose the certain option on a gain frame, and the uncertain option on a loss frame<br><br>_______________________________________________<br>Self-Sabotage by Dr. Judy Ho<br>_______________________________________________<br>Our two true drives: obtain reward and avoid threat<br>When you want to avoid threat greater than you want to obtain reward, you sabotage yourself<br>You may have a high concept of yourself in some areas but a little concept of yourself and others and the degree to which those concepts are true to your actual self fairies<br>4 negative automatic thoughts<br>4 self sabotaging triggers<br>Life experiences, low self esteem<br>Internalized beliefs from childhood<br><br>E excessive need for control<br><br>6 self sabotage habits/thought triggers<br>1. Discount major positives in light of minor negatives<br>2. Catastrophizing &amp; fixating on it<br>3.“Shoulda” thinking common for overachievers who actually underperform themselves <br>More time spent in negativity makes it tougher to achieve anything<br>4. Black and white thinking<br>5.perceived mind reading<br>Searching for minor social danger cues out of a fear of rejection is one of the main things which will cause you to be rejected<br>6. Personalization<br>Excessive jealousy or impostor syndrome will make it impossible to achieve your goals in context; we’re too focused on getting others to accept us<br><br><br>Habits to avoid self sabotage<br>1. Question your thoughts and biases<br>Ask yourself to factually prove your hypotheses beyond your own reasonable doubt<br>ABC - if a fact is accurate, balanced, and complete, then it bears assimilation into your self-image. If you give credence to anything else, <br><br>2. Modify your thoughts<br>“Yes, but” statements and compromise with your own hardassery and refusal to compromise <br>Best way to do that is labeling - allows you to annotate your own toxic thoughts processes <br><br>3. De-emphasizing your thoughts<br>You don’t need to forget your thoughts, you just need to label them and know when and why they become relevant despite their bias and situationality<br><br>4. Visualization<br>The more you push emotions away, the tougher they become to fight. The closer you bring them to yourself, the easier it is to address them and gauge their progress.<br>__________________________________________","🖼️CBT / Reframing","🖼️CBT / Reframing","Anthro (Psych/Soc/Econ/Health)","behavior;book;emotion"
"4:120dd84f-548e-4f2c-98da-0e67ed6fd213:78","anki_cards.csv","Everything is interconnected. Gratitude improves sleep. Sleep reduces pain. Reduced pain improves your mood. Improved mood reduces anxiety, which improves focus and planning. Focus and planning help with decision making. Decision making further reduces anxiety and improves enjoyment. Enjoyment gives you more to be grateful for, which keeps that loop of the upward spiral going. Enjoyment also makes it more likely you’ll exercise and be social, which, in turn, will make you happier.","The Upward Spiral, Alex Korb PhD","The Upward Spiral, Alex Korb PhD","Anthro (Psych/Soc/Econ/Health)","behavior;book;emotion"
"4:120dd84f-548e-4f2c-98da-0e67ed6fd213:79","anki_cards.csv","'5 regrets:<br>1. Living a life as others expected instead of one true to yourself.<br>2. Working too hard, mostly men who missed important time with loved ones<br>3. Lacking the courage to express your feelings<br>4. Failing to stay in touch with good friends<br>5. Not allowing themselves to be happier<br><br><a href=''https://www.theguardian.com/lifeandstyle/2012/feb/01/top-five-regrets-of-the-dying''>https://www.theguardian.com/lifeandstyle/2012/feb/01/top-five-regrets-of-the-dying</a>'","Top 5 Regrets of the Dying","Top 5 Regrets of the Dying","Anthro (Psych/Soc/Econ/Health)","behavior;emotion"
"4:120dd84f-548e-4f2c-98da-0e67ed6fd213:80","anki_cards.csv","I’m someone who has to actively listen to people for a living (and married to someone who feels compelled to frequently interrupt me for periodic, verbal affirmations).<br><br>Body language can be your best (and least disruptive) friend. Try the following things and I’m confident your friends/family/colleagues will feel you’re engaged (albeit silent).<br><br>&nbsp;&nbsp;&nbsp; At its most basic level, look at the person. In particular, if you slightly cock your head to the side when they’re talking, it’s one of my favorite ways of demonstrating interest and/or curiosity (if you don’t know what this looks like, picture a curious puppy who is listening to their human speak). Then, occasionally punctuate the head tilt with a few small nods (when they say something of particular note).<br><br>&nbsp;&nbsp;&nbsp; If you’re able to take notes while someone talks (e.g. it’s a work meeting or you’re on a phone call), that can often help tie up your brain (in a good way) while they talk. It’s also another non-disruptive way of showing interest. In contrast, if I’m sharing a ton of information with someone (particularly in a professional setting) and they’re not taking notes, I’m highly skeptical of their ability (and intent) to remember anything I’m saying.<br><br>&nbsp;&nbsp;&nbsp; Leaning forward (e.g. in a chair) can also be a good non-verbal indication of being engaged, whereas leaning backwards (away from the speaker) can indicate the opposite.<br><br>&nbsp;&nbsp;&nbsp; If you start looking at your watch/phone or over their shoulder, people notice. This can actually be helpful when you want to get OUT of a conversation. Similarly, be mindful of any other body language (mannerisms) that can demonstrate impatience. For example, some people start to bounce their leg or fidget.<br><br>If you’re able to patiently wait for the person to complete their thoughts, here are some verbal responses I use all the time, which demonstrate I’m engaged and actively listening:<br><br>&nbsp;&nbsp;&nbsp; “Let me see if I’m understanding correctly… &lt;restate what they said in your own words&gt;” Funny enough, even if you restate 100% accurately, it often makes the other person want to talk more (expound upon things or provide more detail). Use at your own risk. :)<br><br>&nbsp;&nbsp;&nbsp; “Could you tell me more about… &lt;something they said&gt;?” I love this one because I can guide the conversation towards something in the conversation that I’m interested in, while simultaneously showing that I’m actively listening.<br><br>&nbsp;&nbsp;&nbsp; “Thank you for sharing that.” Very simple and nothing fancy, but it’s effective. Expressing some sign of gratitude for someone’s contribution to the conversation is a good way to make their contributions feel valued, especially if you have nothing further to say/ask. As an optional (but powerful) bonus, you can add in a quick note about how something they said has meaning to you (e.g. you can relate to it, it taught you something, etc.). Likewise, expressing gratitude can be a great time to end the conversation or transition the conversation to something else.","Conversational Psychology","Conversational Psychology","Anthro (Psych/Soc/Econ/Health)","behavior;sociology"
"4:120dd84f-548e-4f2c-98da-0e67ed6fd213:81","anki_cards.csv","'#Anxiety<br>##Warning Signs<br>seeming ''zoned out'', twitchy/restless, struggling with eye contact<br>irritable or impatient, making mountains of molehills<br>Needing reassurance, needing to leave an event<br>being unable to make plans about the future<br><br>##Calm Anxiety: What to say<br>I'm here with you, you're safe.<br>Do you want to do something to get rid of the worried energy?<br>Tell me about it. OR: Let's draw it.<br>What would you want to tell your worries? What would they say back?<br>Run through worst and best case scenarios, and then most realistic<br>What does it feel like, and where? What can we do to help it?<br>Match your breaths to mine.'","Anxiety Tells &amp; Support","Anxiety Tells &amp; Support","Anthro (Psych/Soc/Econ/Health)","behavior;interpersonal;psychology"
"4:120dd84f-548e-4f2c-98da-0e67ed6fd213:82","anki_cards.csv","'<b>Event boundaries</b> are standardly how we partition and package experiences<br>-Once you establish an association between a location and a behavior, it's almost impossible to dissolve the association - better to change setting<br>-Detachment from work is deeply correlated with well-being<br>-remote work makes leisure/work dichotomy especially important<br><br><b>Doorway Effect</b>&nbsp;- much more likely to lose your train of thought or forget something after passing through a doorway, discovered 2011; deals with event boundaries<br><a href=''https://journals.sagepub.com/doi/full/10.1080/17470218.2011.571267''>https://journals.sagepub.com/doi/full/10.1080/17470218.2011.571267</a>'","Event Boundaries &amp; Psychology of Place","Event Boundaries &amp; Psychology of Place","Anthro (Psych/Soc/Econ/Health)","attention;behavior"
"4:120dd84f-548e-4f2c-98da-0e67ed6fd213:83","anki_cards.csv","'-Shell companies hold assets, money, and items in tax havens without requiring employees, office space, or monetary outflows<br>-Anger and tech can fell the world's most deep-rooted trees.<br>-In the rich and cutthroat world, the buy in is too high. You can only get more rich and more cutthroat, or someone will get richer than you and cut your throat.<br>-Anti-corruption is a shell company for corruption.<br>-Bearer shares are convenient tools for shifting money quickly, are often used for terrorism and criminal activities, and as such have come to be increasingly taxed. The Marshall Islands is the only country in the world where the shares can be used without problems or extra costs.<br><br>Bearer Shares<br>---<br>A bearer share is equity security wholly owned by the person or entity that holds the physical stock certificate, thus the name ''bearer'' share. The issuing firm neither registers the owner of the stock nor tracks transfers of ownership; the company disperses dividends to bearer shares when a physical coupon is presented to the firm. Because the share is not registered to any authority, transferring the ownership of the stock involves only delivering the physical document.'","The Laundromat: Mossack Fonseca Mockumentary","The Laundromat: Mossack Fonseca Mockumentary","Anthro (Psych/Soc/Econ/Health)","business;crime;finance;movie"
"4:120dd84f-548e-4f2c-98da-0e67ed6fd213:84","anki_cards.csv","'''If you have a company and it can't explain in one sentence....what it does...it's illegal.'' - Lewis Black<br><br>Enron pioneered Mark-to-Market accounting, where you write whatever profits you want in your books regardless of your real profit, and WAS APPROVED TO USE THESE METHODS BY THE SEC<br><br>Energy supply in natural gas, moved to a stock market for natural gas prices advertising simplicity and quick profits in trading.<br><br>They then dabbled in broadband marketing before trading THE WEATHER and betting on temperatures <br><br>The CEO was questioned and answered honestly that he wasn’t a money person, so he sent the CFOs to talk to the reporter and lower-level executives were required to cook up a huge lie to explain what they had been doing for months<br><br>Rolling blackouts despite record energy volumes across the board<br>Move electricity out, price rises in California, move it back in<br>“It doesn’t matter how many rules California makes, my people will figure out how to make money anyway”<br>Bush, an ally, sided with Enron despite extreme extortion, but Cali’s governor didn’t, so Cali replaced him with a Terminator<br><br>Jeffrey skilling leaves suddenly sensing danger<br>Ken lay was suddenly left behind with tons of paper to shred<br>Skilling was subpoenaed to testify<br>Enron stock $32-$9<br>Skilling told employees to <br>Somme execs testified against others but still had to pay tens of millions in fines<br>Skilling 19x security and wire fraud, 24yrs and $180mil in fines, his son and parents died in that time<br><br>Their motto - ask why?<br><br><a href=''https://www.youtube.com/watch?v=e5qC1YGRMKI&amp;list=WL&amp;index=11''>https://www.youtube.com/watch?v=e5qC1YGRMKI&amp;list=WL&amp;index=11</a>'","Enron Documentary","Enron Documentary","Anthro (Psych/Soc/Econ/Health)","business;crime;finance;movie"
"4:120dd84f-548e-4f2c-98da-0e67ed6fd213:85","anki_cards.csv","'success is directly correlated with your risk tolerance<br>- almost all new money is created as debt<br>30% of all USD in existence printed in last year<br>USD worth 6% of what it was 100 years ago<br>In order to improve mortgage crisis, governments should ban fractional reserve banking, forcing bankers to risk their OWN money<br><br>In Debt we Trust Documentary<br>-The poorer you are, the more likely you are to believe your debts should be paid<br>-Those least able to afford it are targeted most with rent-to-own, credit carding, mortgage/interest schemes, and foreclosure relief counseling.<br>''We weren't well educated as to how swift and conniving these people are.'<br>-20 years ago bankers made what they called an anthropological breakthrough - almost the only people who believe they should repay their debts, are the poor.<br>-the poorer you are, both the higher interest and the better the bet the bank can make that you will pay<br>-Bushwick housing independence<br>-A bank would offer a 600-800K lend on a house costing 300-400K. The first lender is selling the debt and being completely reimbursed. There's no rsk for them<br>-Floodng the secondary market through wall street with hundreds of subprime mortgages sold to securitizaton trusts<br>-If you have bought a house or apartment, the bank that sold you your mortgage is not the one who holds your debt today.<br>-Most recently, loan lenders have discovered that army/naval bases are boom towns for business<br>-111/164 said they had to take out a new loan to pay the old one off.<br>-20 had to take a new loan at least once, one had to 40-60 times. One took a year to pay off one loan<br><br><br>The average household spends 37% of take home pay on mortgage/rent and a quarter spend more than 50%. 74% of first time home buyers overextend themselves, 38% say finances keep them up at night. Foreclosures &amp; house auctions are good buying opportunities, but as with anything assess all debt before any investments.<br><br><br>Saving Capitalism Documentary<br>More and more, corporate profit has become a larger part of GDP and labor share has become a smaller and smaller part. This hides inequality behind illusion<br><br>in recent years, roughly half of representatives AND senators retire to lobbying<br><br>________________________________________________<br>GDP:<br><br>Measures total income of everyone in economy; also measures total expenditure on the economy's output of g&amp;s.<br>''The market value of all final goods &amp; services produced in a country in a given period of time.''<br><ul><li>Final Goods are intended for the end user</li><li>Intermediate goods are used as components/ingredients in the production process<br></li><li>GDP only includes final goods - they already embody the value of their constituent intermediate goods.</li><li>Usually the period of time is a year or a quarter (3months)</li></ul><div>GDP, denoted Y = C+I+G+NX</div><div>Consumption(C), Investment(I), Government Purchase(G), Net Exports(NX)</div><div>Consumption - total spending by households on g&amp;s</div><div>For&nbsp;</div><div><br></div>For the economy as a whole, income equals expenditure because every dollar spent by a buyer is earned by a seller<br>Circular flow diagram illustrates GDP as&nbsp;<b>spending, revenue, factor payments, and income.</b>&nbsp;This diagram omits:<br><ol><li>Governmennt collecting taxes, buying g&amp;s</li><li>Financial system matching savers' supply of funds with borrowers' demand for loans</li><li>All goods are measured in the same units, at market prices, unless unpriceable</li></ol><b>Factors of production</b>&nbsp;- inputs like labor, capital, land, natural resources<br><b>Factor Payments</b>&nbsp;- payments to the factors of production e.g. wages, rent<br><b>Households</b>&nbsp;own FOP, sell/rent to firms for income; buy and consume goods/services<br><b>Firms</b>&nbsp;buy/hire factors of production, use them to produce goods and services, and sell said g&amp;s<br>'","🌎Macro, Debt, GDP","🌎Macro, Debt, GDP","Anthro (Psych/Soc/Econ/Health)","business;finance;movie;psychology"
"4:120dd84f-548e-4f2c-98da-0e67ed6fd213:86","anki_cards.csv","'-modern fascism revolves around adamant denial as a dog whistle for fascist solidarity.<br><br>#backward ass fascist logic#<br>-fascists use pro-trump robocalls advocating “don’t vote for a Cuban” against Ted Cruz<br>-“I believe fascism will lose derogatory meaning and be rehabilitated. It’s had a bad reputation from the 1930/ on and since long ago whites mixing with Pocahontas/slaves represents a lack of racial consciousness that’s now being regained”<br>-“a reassessment of the future must necessarily use white ethno-states to avoid racism. I just wanna have a country for white people.”<br>-“if they’re gonna be mixed race they can’t be in a white country”<br>-“if every country was an ethno-state and didn’t accept mixed people, too bad”<br>-he doesn’t even identify as a “RA-RA American patriot type” <br>-went to trump rally on the 6th<br>Typical typical rally <br><br>He predicts a rise of pacifist white nationalists and trumpies<br><br>We’re no longer a community with a feeling of camaraderie with our neighbors.<br><br>“All I want is a country of my own people.”'","Faces of Fascism Ellis","Faces of Fascism Ellis","Anthro (Psych/Soc/Econ/Health)","documentary;movie;politics;sociology"
"4:120dd84f-548e-4f2c-98da-0e67ed6fd213:87","anki_cards.csv","'(Vegan Propaganda)<br>-350m people with diiabetes, could be called an epidemic<br>-1 in 3 medicare dollars is spent on people with diabetes, 1 in 10 healthcare dollars is spent on people with diabetes<br>-each 50g portion of processed meat eaten daily increases colorectal cancer risk by 18%<br>-one serving per day increases diabetes chances by over 50%<br>-WHO classifies processed meat as a group one carcinogen, with cigarettes, asbestos, and plutonium, and classifies red meats as a group 2 carcinogen<br>-2/3 of american adults are overweight or obese<br>-American medicine operates on a disease model: we are trying to cure people, not prevent sickness<br>-Diabetes is caused by a buildup of fat in the bloodstream that blocks sugar molecules from entering the cells where it belongs<br>-EPIC study: carbs were iiinversely correlated with diabetes, while red meat is positively correlated<br>-Glycogen in the liver and muscle allows us to store/burn most carbs, but fat in means fat out<br>-Butter &amp; shortening are the worst part of a cookie for you, not the sugar<br>-17m people die every year from heart disease, a leading cause of death<br>-The leadiing source of sodium &amp; cholesterol in the American diet is Chicken, which iis often injected with saltwater (Heterocyclic amines are carcinogens)<br>-Chicken has nearly as much cholesterol as red beef; eggs close behind because they are full of pure fat and cholesterol<br>-#1 source of saturated fat is dairy, not meat<br>-The meta-analyis of saturated fat + cardio disease from 2010 American Society for Nutrition was funded by the National Dairy Council<br>-4 fish worries: PCBs, Mercury, Saturated Fat, Cholesterol'","What the Health&nbsp;","What the Health&nbsp;","Anthro (Psych/Soc/Econ/Health)","bigindustry;documentary;health;movie"
"4:120dd84f-548e-4f2c-98da-0e67ed6fd213:88","anki_cards.csv","'-Two wharton degrees and a Stanford degree, selling tshirts out of a hatchback<br>-began with ''true trash talk'' shirts featuring a zinging burn and their grey basketball player<br>-got a 13k order from foot locker<br>-''No really, you stink''; ''pray you don't guard me''<br>-1.3 million in the first year<br>-they were only really competing with one brand: nike. They couldn't do that without shoes<br>-They bet everything on a young upstart just starting in the NBA, Stephon Marbury, who immediately broke his ankle in his first game in AND1 shoes immediately before launch<br>-So they pressed 50k tapes of an old tape in storage containing street basketball highlights and added hip hop as a mixtape, and it spread like wildfire<br>-so they did a second mixtape tour and assembled their own team to play in cities across america<br>-volume three was released after they picked up star hot sauce, and you had to buy any and1 product to get a free mixtape due to a partnership<br>-They would eventually ramp up to playing in madison square garden<br>-Nike eventually ran a competing tv spot and achieved more with it than and1 had achieved with 5 mixtapes<br>-Players began doing signing tours and visiting factories to bring brand image/saturation up, but the company was accused of exploiting its players<br>-Their best players were only making 100k, with some making as low as $15k/3mo season<br>-Professor and hot sauce were pulling the most by far; too many all-stars on the team and fights breaking out<br>-Their tech/sales/shoe design guy Tom overworked himself at their factory in Taiwan and ultimately quit, cratering the company<br>-They had to fire their entire team and sell the company, with no warning to players<br>-''poverty pimping'' - no players were paid what they were worth in the end; living wages but so little respect; no stock options or retention for those players<br>-'It's possible that Shane spoke to me, and if that's the case that we weren't able to take care of his kid, I feel terrible.'''","Untold: AND1 Movie","Untold: AND1 Movie","Anthro (Psych/Soc/Econ/Health)","career;documentary;marketing;movie;sociology"
"4:120dd84f-548e-4f2c-98da-0e67ed6fd213:89","anki_cards.csv","'Current affect - emotion, fear, pleasure, surprise - influences decisions OVER information<br>An affect is shorter in duration than a mood, responds to stimulus rapidly &amp; involuntarily<br>''Go with your gut''<br><a href=''https://en.wikipedia.org/wiki/Affect_heuristic''>https://en.wikipedia.org/wiki/Affect_heuristic</a>'","Affect Heuristic","Affect Heuristic","Anthro (Psych/Soc/Econ/Health)","behavior;heuristic;learning"
"4:120dd84f-548e-4f2c-98da-0e67ed6fd213:90","anki_cards.csv","'judging probability under uncertainty<br>Tversky &amp; Kahnemann early 1970s - ''the degree to which [an event] (i)is similar in essential characteristics to its parent population and (ii)reflects the salient features of the process by which it is generated''<br>representativeness =/= likelihood'","Representativeness Heuristic","Representativeness Heuristic","Anthro (Psych/Soc/Econ/Health)","behavior;heuristic;learning"
"4:120dd84f-548e-4f2c-98da-0e67ed6fd213:91","anki_cards.csv","-discomfort/aversive arousal from an inability to reconcile one's feelings/actions with the facts of the world, or otherwise from behavior out of line with one's own beliefs/attitudes/values<br>-motivates efforts to restore internal consistency<br>-Can explain attraction to effortful/difficult tasks<br>-belief that you have freely chosen a ritual or penalty can cement your loyalty to the group (Aronson &amp; Mills 1959)<br>-psychotherapy is more effective when it elicits&nbsp;<i>Effort Justification</i>&nbsp;(Axsom &amp; Cooper 1985; Cooper 1980)<br>Leon Festinger's Theory of Cognitive Dissonance - 1957","Cognitive Dissonance","Cognitive Dissonance","Anthro (Psych/Soc/Econ/Health)","behavior;cognition;psychology"
"4:120dd84f-548e-4f2c-98da-0e67ed6fd213:92","anki_cards.csv","-Central route uses direct appeal to facts &amp; info<br>-Peripheral route uses positive associations with cues like beauty, fame, and positive emotion","Peripheral vs. Central routes to persuasion","Peripheral vs. Central routes to persuasion","Anthro (Psych/Soc/Econ/Health)","behavior;cognition;persuasion;psychology;sociology"
"4:120dd84f-548e-4f2c-98da-0e67ed6fd213:93","anki_cards.csv","'-phenomenon in which people engage in seemingly impulsive, deviant, and sometimes violent acts in situations in which they believe they cannot be identified<br>-especially prevalent in crowds and on the internet<br>-Definition from Brittanica<br>-Coined by Leon Festinger in 1950s - people cannot be individuated from others<br>-reduced accountability, problem of many hands, culpable cannot be traced<br>-rioting, helping others, ''letting loose'' on the dance floor<br>-Gustave Le Bon 19th-century france described group behavior as irrational/fickle, and people act in crowds on impulses that would usually be controlled or self-censored<br>-Le Bon traced three mechanisms for bad behavior:<br>1. anonymity keeps people from being identified, leading to perceived invincibility &amp; loss of responsibility<br>2.. loss of control leads to contagion, causing others to mirror your bad acts<br>3. people in crowds are more suggestible'","Deindividuation","Deindividuation","Anthro (Psych/Soc/Econ/Health)","behavior;cognition;persuasion;psychology;sociology"
"4:120dd84f-548e-4f2c-98da-0e67ed6fd213:94","anki_cards.csv","People fail to take action in a group because they notice others' social cues to not act &amp; deem acting socially inappropriate<br>-The more people involved, the more likely the group will collectively do nothing<br>-Our belief that others will do something alleviates our guilt/anxiety","Diffusion of Responsibility","Diffusion of Responsibility","Anthro (Psych/Soc/Econ/Health)","behavior;cognition;persuasion;psychology;sociology"
"4:120dd84f-548e-4f2c-98da-0e67ed6fd213:95","anki_cards.csv","-phenomenon that occurs when someone mistakenly believes everyone else holds a different opinion than their own<br>-most people may go alongh with a view they disagree with, because they think others in the group agree<br>-a minority position is incorrectly perceived as a majority position or vice versa<br>-warped by fear, influence, embarrassment, social desirability, or social inhibition<br>-coincidence of belief with inaccurate perceptions<br>-Bystander effect is one such example","Pluralistic Ignorance (collective illusion)","Pluralistic Ignorance (collective illusion)","Anthro (Psych/Soc/Econ/Health)","behavior;cognition;persuasion;psychology;sociology"
"4:120dd84f-548e-4f2c-98da-0e67ed6fd213:96","anki_cards.csv","In psychology, carrying out the requests/commands of a person&nbsp;<i>of higher status</i>&nbsp;within a social hierarchy","Obedience","Obedience","Anthro (Psych/Soc/Econ/Health)","behavior;cognition;persuasion;psychology;sociology"
"4:120dd84f-548e-4f2c-98da-0e67ed6fd213:97","anki_cards.csv","transient error in linguistic development wherein a child attempts to make language more regular than it truly is<br>-broked instead of broken; runned instead of ran<br>-stupid kids don't even get English yet","Overregularization","Overregularization","Anthro (Psych/Soc/Econ/Health)","behavior;cognition;perception;psychology;sociology"
"4:120dd84f-548e-4f2c-98da-0e67ed6fd213:98","anki_cards.csv","'<b>intelligence has two components: general intelligence (''g'') and specific ability (''s'')<br></b>developed using the pioneering of factor analysis by Charles Spearman in 1904'","Spearman Theory of Intelligence","Spearman Theory of Intelligence","Anthro (Psych/Soc/Econ/Health)","adaptation;cognition;psychology"
"4:120dd84f-548e-4f2c-98da-0e67ed6fd213:99","anki_cards.csv","If our mind has greater fluency with a concept, i.e. it is processed with greater speed/smoothness/familiarity, the mind subconsciously assumes it has a higher value<br>-The more elegant the process, the more likely we consider the argument seriously","Fluency Heuristic","Fluency Heuristic","Anthro (Psych/Soc/Econ/Health)","heuristic;learning;logic;psychology"